id,produto,quantidade,preço,data
2,De Volta Para o Futuro,10,59.90,05/01/2024
21,1917,3,89.90,12/01/2024
12,Matrix,8,49.90,18/01/2024
35,Vingadores,9,79.90,24/01/2024
6,Titanic,4,39.90,01/02/2024
43,Jurassic Park,6,69.90,08/02/2024
24,Harry Potter,12,59.90,15/02/2024
51,Pulp Fiction,7,49.90,22/02/2024
15,Taxi Driver,2,39.90,28/02/2024
45,Tenet,3,49.90,06/03/2024
33,Parasita,5,69.90,14/03/2024
18,Batman: O Cavaleiro das Trevas,11,79.90,20/03/2024
57,Star Wars: O Império Contra-Ataca,4,49.90,27/03/2024
25,Avatar,6,59.90,04/04/2024
30,Forrest Gump,9,39.90,12/04/2024
